생산ID,생산일자,설비ID,작업자ID,제품유형,교대,생산수량,온도,압력,진동,사이클타임,불량수량
JAN-00001,2026-01-12,M11,OP021,기어,야간,235,57.7,114.5,3.65,44.1,6
JAN-00002,2026-01-26,M12,OP006,브라켓,야간,109,50.4,101.1,4.1,47.2,5
JAN-00003,2026-01-29,M12,OP010,샤프트,야간,132,58.2,93.9,2.23,58.1,4
JAN-00004,2026-01-04,M02,OP024,하우징,야간,96,60.2,116.0,3.1,59.9,2
JAN-00005,2026-01-26,M06,OP030,샤프트,야간,230,51.5,98.4,4.18,53.6,6
JAN-00006,2026-01-10,M01,OP002,브라켓,주간,122,54.7,107.2,2.49,50.3,3
JAN-00007,2026-01-15,M06,OP020,브라켓,주간,149,49.6,86.4,3.97,57.3,3
JAN-00008,2026-01-04,M07,OP018,기어,야간,156,48.1,98.2,3.79,46.2,4
JAN-00009,2026-01-31,M10,OP019,기어,주간,143,61.2,117.1,3.42,45.3,4
JAN-00010,2026-01-25,M05,OP024,하우징,야간,212,51.7,96.4,2.94,47.1,4
JAN-00011,2026-01-20,M01,OP003,샤프트,야간,235,40.5,114.8,2.41,41.1,2
JAN-00012,2026-01-23,M06,OP023,하우징,주간,177,65.6,77.0,4.62,46.8,4
JAN-00013,2026-01-28,M06,OP009,하우징,야간,222,50.2,98.3,3.71,40.2,6
JAN-00014,2026-01-05,M08,OP005,기어,주간,98,53.5,102.9,3.47,55.2,2
JAN-00015,2026-01-08,M02,OP014,샤프트,야간,244,64.8,125.9,2.87,51.8,4
JAN-00016,2026-01-02,M08,OP001,브라켓,주간,99,54.1,91.0,3.23,58.0,1
JAN-00017,2026-01-16,M05,OP019,샤프트,야간,91,54.0,113.1,3.33,36.6,2
JAN-00018,2026-01-16,M09,OP017,하우징,야간,83,47.6,117.7,3.52,61.3,1
JAN-00019,2026-01-01,M12,OP016,샤프트,주간,121,45.2,96.3,3.79,37.0,3
JAN-00020,2026-01-21,M03,OP001,샤프트,주간,222,54.0,100.5,2.57,39.6,3
JAN-00021,2026-01-01,M10,OP023,샤프트,주간,131,57.2,106.7,2.03,43.7,2
JAN-00022,2026-01-25,M02,OP002,기어,주간,214,56.8,87.2,3.27,57.2,3
JAN-00023,2026-01-22,M12,OP008,하우징,주간,152,52.1,99.5,1.8,49.6,3
JAN-00024,2026-01-26,M06,OP012,기어,주간,97,55.1,120.3,2.94,46.3,2
JAN-00025,2026-01-04,M09,OP022,하우징,야간,160,44.0,111.3,2.79,42.5,4
JAN-00026,2026-01-27,M10,OP013,하우징,주간,119,57.8,103.1,3.59,38.4,2
JAN-00027,2026-01-17,M08,OP025,샤프트,주간,129,56.0,106.4,4.79,55.9,4
JAN-00028,2026-01-27,M05,OP029,샤프트,야간,167,66.8,112.0,1.64,53.6,3
JAN-00029,2026-01-22,M10,OP023,하우징,주간,214,55.0,114.3,5.02,57.5,5
JAN-00030,2026-01-21,M06,OP002,하우징,주간,179,49.3,98.3,3.01,50.8,3
JAN-00031,2026-01-01,M08,OP024,기어,야간,117,54.7,123.4,3.48,29.5,4
JAN-00032,2026-01-22,M08,OP007,샤프트,야간,201,53.0,120.8,2.07,39.3,3
JAN-00033,2026-01-14,M06,OP027,브라켓,주간,198,57.6,113.1,4.0,51.3,3
JAN-00034,2026-01-27,M02,OP030,샤프트,야간,120,55.2,94.9,3.23,45.4,3
JAN-00035,2026-01-22,M04,OP003,하우징,주간,224,47.4,92.8,3.15,44.1,4
JAN-00036,2026-01-03,M12,OP003,샤프트,주간,223,45.2,101.1,1.65,40.3,5
JAN-00037,2026-01-28,M07,OP021,하우징,야간,182,56.6,105.7,3.26,54.6,4
JAN-00038,2026-01-02,M08,OP005,기어,주간,130,63.3,83.8,3.88,51.2,2
JAN-00039,2026-01-10,M04,OP030,하우징,주간,140,55.5,110.9,3.01,51.5,3
JAN-00040,2026-01-07,M09,OP017,샤프트,야간,154,59.9,120.4,4.14,43.6,7
JAN-00041,2026-01-31,M06,OP018,기어,주간,111,61.1,111.9,4.11,49.2,4
JAN-00042,2026-01-05,M03,OP026,샤프트,주간,132,56.6,96.9,2.69,38.6,2
JAN-00043,2026-01-27,M02,OP007,하우징,주간,102,50.1,95.5,4.48,47.1,3
JAN-00044,2026-01-07,M05,OP017,샤프트,야간,106,56.2,108.6,3.24,30.3,3
JAN-00045,2026-01-21,M07,OP030,샤프트,야간,206,62.2,103.2,3.24,37.0,5
JAN-00046,2026-01-03,M04,OP001,하우징,야간,101,58.2,110.3,3.28,45.7,2
JAN-00047,2026-01-13,M03,OP006,샤프트,주간,159,59.5,112.2,3.26,64.6,4
JAN-00048,2026-01-20,M04,OP005,샤프트,야간,152,52.2,118.1,1.1,35.4,4
JAN-00049,2026-01-23,M04,OP011,브라켓,주간,87,53.8,91.4,3.05,39.3,2
JAN-00050,2026-01-28,M09,OP004,하우징,주간,221,54.3,107.7,2.11,49.5,2
JAN-00051,2026-01-26,M06,OP006,브라켓,주간,247,54.7,100.6,4.5,60.4,8
JAN-00052,2026-01-17,M06,OP026,기어,야간,188,62.0,103.8,4.47,49.4,5
JAN-00053,2026-01-10,M02,OP014,기어,주간,194,40.9,115.4,3.88,52.9,3
JAN-00054,2026-01-09,M07,OP011,하우징,야간,119,55.2,116.7,3.01,45.6,2
JAN-00055,2026-01-31,M12,OP013,샤프트,주간,223,54.5,121.8,2.39,44.4,4
JAN-00056,2026-01-19,M09,OP030,하우징,주간,213,46.8,110.1,2.67,48.6,6
JAN-00057,2026-01-29,M06,OP015,샤프트,야간,154,59.0,103.7,4.75,43.4,6
JAN-00058,2026-01-14,M04,OP015,브라켓,야간,199,50.7,102.0,2.65,53.1,7
JAN-00059,2026-01-16,M05,OP028,하우징,주간,242,52.9,84.2,1.32,36.8,5
JAN-00060,2026-01-26,M01,OP002,기어,야간,182,66.1,121.1,4.02,54.2,8
JAN-00061,2026-01-23,M01,OP015,기어,주간,113,61.1,101.1,4.4,48.3,5
JAN-00062,2026-01-07,M10,OP023,샤프트,야간,136,58.4,111.1,4.53,46.5,4
JAN-00063,2026-01-17,M11,OP016,기어,주간,111,57.3,113.1,4.03,36.5,3
JAN-00064,2026-01-07,M12,OP027,하우징,주간,136,54.0,90.1,4.16,41.1,5
JAN-00065,2026-01-24,M08,OP027,기어,주간,231,67.0,93.9,3.24,56.4,4
JAN-00066,2026-01-01,M12,OP011,기어,주간,112,59.8,123.6,1.54,46.5,2
JAN-00067,2026-01-26,M05,OP025,샤프트,주간,231,50.5,108.5,3.22,49.9,4
JAN-00068,2026-01-29,M04,OP008,하우징,주간,128,46.6,98.0,3.7,41.8,2
JAN-00069,2026-01-01,M03,OP008,기어,야간,164,58.4,103.5,3.09,47.8,6
JAN-00070,2026-01-20,M03,OP030,샤프트,주간,169,54.7,118.0,3.06,38.4,2
JAN-00071,2026-01-03,M09,OP001,브라켓,주간,101,46.4,116.2,2.43,48.7,2
JAN-00072,2026-01-12,M01,OP011,기어,주간,111,57.6,87.4,2.4,50.6,2
JAN-00073,2026-01-11,M12,OP019,기어,야간,131,53.4,124.6,4.67,50.2,3
JAN-00074,2026-01-17,M10,OP013,브라켓,주간,90,58.2,116.6,4.7,41.7,2
JAN-00075,2026-01-29,M05,OP026,기어,주간,208,57.7,103.2,3.2,45.6,3
JAN-00076,2026-01-15,M09,OP008,브라켓,야간,172,51.4,90.7,3.43,51.8,5
JAN-00077,2026-01-13,M02,OP017,하우징,주간,223,58.8,117.6,2.42,46.5,4
JAN-00078,2026-01-03,M06,OP004,하우징,야간,226,52.0,110.7,3.71,46.0,5
JAN-00079,2026-01-28,M02,OP007,샤프트,주간,139,52.4,87.5,4.61,61.3,3
JAN-00080,2026-01-10,M02,OP006,샤프트,야간,218,51.8,102.2,1.98,41.3,8
JAN-00081,2026-01-15,M01,OP023,기어,주간,90,61.8,142.5,3.57,55.6,2
JAN-00082,2026-01-03,M10,OP007,샤프트,야간,153,53.3,105.2,3.63,39.9,4
JAN-00083,2026-01-09,M09,OP021,샤프트,야간,193,63.2,96.1,3.62,52.6,4
JAN-00084,2026-01-18,M11,OP011,하우징,주간,159,65.7,92.9,4.51,53.0,4
JAN-00085,2026-01-28,M12,OP017,하우징,주간,205,,126.3,4.83,44.4,9
JAN-00086,2026-01-11,M12,OP027,샤프트,주간,225,37.5,115.2,3.01,39.5,1
JAN-00087,2026-01-18,M12,OP026,하우징,주간,152,61.3,121.9,3.74,34.2,3
JAN-00088,2026-01-28,M01,OP001,브라켓,야간,126,52.9,108.0,3.27,43.7,2
JAN-00089,2026-01-12,M10,OP024,하우징,야간,179,49.8,120.0,2.69,51.7,4
JAN-00090,2026-01-10,M09,OP029,하우징,야간,227,51.5,94.8,3.42,40.5,5
JAN-00091,2026-01-02,M02,OP021,하우징,야간,247,52.5,107.0,3.74,48.7,4
JAN-00092,2026-01-29,M02,OP006,샤프트,야간,218,62.8,108.4,3.37,37.7,5
JAN-00093,2026-01-04,M12,OP020,기어,야간,121,56.0,121.6,2.5,46.4,1
JAN-00094,2026-01-07,M11,OP020,브라켓,주간,114,62.7,108.8,2.83,40.0,2
JAN-00095,2026-01-05,M04,OP020,하우징,주간,177,58.0,97.5,2.84,47.5,3
JAN-00096,2026-01-22,M01,OP013,하우징,주간,148,53.1,105.8,2.53,44.5,1
JAN-00097,2026-01-12,M05,OP016,브라켓,주간,183,52.7,84.9,3.45,39.7,5
JAN-00098,2026-01-22,M01,OP020,샤프트,주간,236,58.4,77.1,3.53,43.4,3
JAN-00099,2026-01-19,M09,OP014,기어,주간,173,59.9,115.0,3.98,41.5,3
JAN-00100,2026-01-01,M05,OP024,하우징,주간,140,61.0,100.5,2.51,38.8,2
JAN-00101,2026-01-10,M01,OP022,샤프트,주간,227,53.4,101.9,2.74,55.6,4
JAN-00102,2026-01-01,M12,OP010,하우징,주간,154,56.1,115.0,4.44,45.5,6
JAN-00103,2026-01-03,M10,OP019,하우징,주간,182,58.5,121.8,3.07,32.6,6
JAN-00104,2026-01-15,M11,OP023,하우징,주간,103,52.7,111.4,3.22,43.6,2
JAN-00105,2026-01-09,M12,OP015,샤프트,주간,166,48.2,128.1,3.06,54.4,4
JAN-00106,2026-01-03,M01,OP022,하우징,야간,152,50.2,111.0,4.11,42.7,7
JAN-00107,2026-01-13,M10,OP004,샤프트,야간,100,53.6,108.6,4.14,58.5,4
JAN-00108,2026-01-15,M10,OP012,브라켓,주간,115,59.0,107.9,4.09,42.0,5
JAN-00109,2026-01-31,M10,OP022,샤프트,주간,199,62.6,89.6,3.22,51.5,5
JAN-00110,2026-01-21,M04,OP027,브라켓,주간,110,46.9,116.5,2.5,55.3,2
JAN-00111,2026-01-13,M05,OP020,기어,주간,102,51.4,75.7,4.74,51.2,3
JAN-00112,2026-01-15,M12,OP020,기어,주간,89,52.9,98.0,3.89,38.4,1
JAN-00113,2026-01-03,M01,OP011,기어,야간,84,59.8,105.3,2.83,41.4,2
JAN-00114,2026-01-12,M08,OP022,샤프트,주간,153,51.8,95.5,4.34,56.2,3
JAN-00115,2026-01-19,M10,OP011,기어,주간,163,52.4,99.6,2.77,42.4,1
JAN-00116,2026-01-01,M10,OP002,브라켓,야간,186,46.5,127.1,4.33,54.8,7
JAN-00117,2026-01-29,M08,OP008,하우징,주간,177,57.9,118.2,4.38,45.0,4
JAN-00118,2026-01-16,M10,OP019,샤프트,주간,171,54.0,96.8,2.46,49.0,3
JAN-00119,2026-01-25,M11,OP029,하우징,주간,249,51.1,99.4,3.67,38.3,5
JAN-00120,2026-01-09,M10,OP015,브라켓,야간,122,53.4,89.7,3.83,43.7,3
JAN-00121,2026-01-26,M02,OP026,브라켓,주간,201,61.8,113.5,5.29,41.9,5
JAN-00122,2026-01-12,M03,OP024,기어,야간,93,49.0,102.0,2.61,49.6,3
JAN-00123,2026-01-29,M04,OP017,샤프트,야간,224,50.0,81.4,4.35,48.7,8
JAN-00124,2026-01-17,M05,OP025,브라켓,주간,141,62.5,106.2,3.21,51.2,3
JAN-00125,2026-01-20,M05,OP013,기어,야간,138,55.5,110.3,2.21,44.6,2
JAN-00126,2026-01-07,M03,OP014,기어,주간,102,59.0,116.6,3.1,41.5,2
JAN-00127,2026-01-31,M09,OP023,하우징,주간,166,57.4,104.1,3.2,49.3,4
JAN-00128,2026-01-06,M02,OP020,샤프트,주간,147,54.8,100.5,2.35,40.8,4
JAN-00129,2026-01-02,M10,OP016,브라켓,야간,245,52.9,128.8,3.45,55.5,5
JAN-00130,2026-01-14,M08,OP013,샤프트,주간,110,60.0,105.1,3.97,47.2,2
JAN-00131,2026-01-26,M12,OP030,하우징,주간,150,62.0,113.6,3.39,45.7,2
JAN-00132,2026-01-29,M01,OP002,브라켓,야간,233,61.5,98.5,2.77,51.2,5
JAN-00133,2026-01-27,M04,OP002,브라켓,주간,217,47.9,113.3,3.08,47.5,2
JAN-00134,2026-01-18,M11,OP015,브라켓,야간,209,62.8,87.5,3.2,36.4,5
JAN-00135,2026-01-29,M06,OP002,브라켓,야간,169,52.9,99.5,3.37,40.6,5
JAN-00136,2026-01-16,M07,OP011,샤프트,주간,228,50.5,90.5,4.09,55.4,6
JAN-00137,2026-01-15,M01,OP018,브라켓,야간,118,54.0,97.7,3.42,48.6,3
JAN-00138,2026-01-06,M10,OP013,브라켓,야간,217,60.0,120.0,2.08,36.2,5
JAN-00139,2026-01-25,M04,OP007,기어,주간,178,58.2,97.7,2.75,50.5,4
JAN-00140,2026-01-10,M12,OP009,기어,야간,139,53.5,113.6,3.33,44.1,3
JAN-00141,2026-01-07,M05,OP019,샤프트,야간,117,60.0,123.2,4.1,41.9,4
JAN-00142,2026-01-12,M03,OP029,하우징,야간,168,55.8,104.7,4.24,40.0,5
JAN-00143,2026-01-19,M08,OP024,하우징,야간,80,51.6,116.9,4.62,55.0,2
JAN-00144,2026-01-09,M06,OP017,기어,주간,201,50.8,111.4,3.3,34.2,4
JAN-00145,2026-01-12,M06,OP005,기어,주간,120,57.5,106.4,3.81,42.1,2
JAN-00146,2026-01-11,M12,OP008,하우징,주간,146,54.5,114.0,2.04,48.8,3
JAN-00147,2026-01-19,M05,OP014,샤프트,주간,112,46.7,127.1,3.54,59.0,3
JAN-00148,2026-01-23,M05,OP008,브라켓,야간,159,60.1,97.4,2.34,51.9,5
JAN-00149,2026-01-21,M08,OP021,샤프트,야간,143,52.1,93.5,3.15,42.1,2
JAN-00150,2026-01-05,M03,OP011,샤프트,주간,111,64.6,92.8,5.62,58.7,4
JAN-00151,2026-01-11,M10,OP026,샤프트,주간,231,46.6,116.9,3.44,38.5,4
JAN-00152,2026-01-21,M03,OP009,브라켓,야간,209,53.9,118.6,2.51,49.9,4
JAN-00153,2026-01-07,M03,OP015,브라켓,주간,145,50.8,98.6,3.53,51.4,3
JAN-00154,2026-01-03,M01,OP022,샤프트,야간,89,49.1,79.4,,41.8,1
JAN-00155,2026-01-10,M05,OP007,샤프트,야간,223,52.1,96.9,2.43,52.9,7
JAN-00156,2026-01-22,M07,OP023,기어,주간,198,65.6,111.6,4.88,44.4,7
JAN-00157,2026-01-21,M09,OP018,샤프트,주간,174,55.9,104.2,4.05,52.9,4
JAN-00158,2026-01-05,M11,OP020,하우징,야간,182,50.2,107.2,3.48,35.1,4
JAN-00159,2026-01-21,M10,OP014,샤프트,주간,81,44.0,98.7,2.89,50.3,1
JAN-00160,2026-01-07,M04,OP029,기어,야간,160,44.7,117.2,2.95,45.1,4
JAN-00161,2026-01-23,M10,OP024,기어,주간,112,51.8,109.1,4.43,56.0,3
JAN-00162,2026-01-18,M03,OP006,기어,주간,190,51.2,112.0,3.45,47.7,2
JAN-00163,2026-01-04,M03,OP017,기어,주간,238,53.7,106.9,0.73,56.7,5
JAN-00164,2026-01-11,M05,OP028,샤프트,야간,170,41.4,111.3,5.14,51.6,7
JAN-00165,2026-01-26,M07,OP009,샤프트,야간,182,54.4,110.5,3.35,47.1,4
JAN-00166,2026-01-14,M03,OP017,샤프트,야간,193,61.2,93.9,3.47,53.5,4
JAN-00167,2026-01-22,M11,OP023,샤프트,주간,238,64.7,109.5,4.07,53.6,8
JAN-00168,2026-01-24,M04,OP009,브라켓,야간,86,43.6,114.5,3.57,51.3,2
JAN-00169,2026-01-01,M05,OP016,샤프트,주간,132,50.2,118.9,3.8,32.0,2
JAN-00170,2026-01-29,M08,OP017,기어,주간,125,49.9,110.0,2.86,41.1,2
JAN-00171,2026-01-11,M06,OP006,샤프트,야간,201,55.9,93.4,2.22,57.7,4
JAN-00172,2026-01-25,M05,OP006,하우징,주간,156,47.7,95.3,3.42,39.2,3
JAN-00173,2026-01-15,M12,OP017,브라켓,야간,211,65.1,99.8,4.35,54.2,8
JAN-00174,2026-01-18,M06,OP006,하우징,주간,160,55.3,107.3,2.68,52.9,3
JAN-00175,2026-01-12,M02,OP029,하우징,주간,245,54.3,103.5,2.62,42.9,2
JAN-00176,2026-01-27,M09,OP016,브라켓,주간,210,64.6,91.5,4.18,34.0,7
JAN-00177,2026-01-04,M09,OP022,기어,야간,83,54.9,91.4,2.83,44.0,2
JAN-00178,2026-01-28,M03,OP012,브라켓,주간,248,57.4,79.8,2.87,62.5,8
JAN-00179,2026-01-07,M11,OP009,하우징,야간,241,50.5,67.6,2.9,42.0,5
JAN-00180,2026-01-28,M05,OP015,샤프트,주간,87,46.8,103.4,3.15,42.4,2
JAN-00181,2026-01-01,M02,OP022,기어,야간,146,51.3,132.8,1.94,41.0,6
JAN-00182,2026-01-01,M03,OP012,샤프트,주간,244,68.1,126.6,2.77,56.5,5
JAN-00183,2026-01-03,M09,OP009,샤프트,주간,222,58.8,93.3,3.38,46.3,4
JAN-00184,2026-01-17,M03,OP005,브라켓,야간,159,56.6,106.8,3.38,43.6,3
JAN-00185,2026-01-09,M06,OP017,샤프트,야간,172,49.1,87.4,4.13,57.9,8
JAN-00186,2026-01-19,M09,OP021,하우징,주간,85,60.5,89.3,4.67,52.1,2
JAN-00187,2026-01-26,M11,OP016,브라켓,주간,175,46.9,90.6,4.41,41.6,6
JAN-00188,2026-01-01,M06,OP008,기어,주간,193,45.6,102.3,3.93,39.4,3
JAN-00189,2026-01-17,M11,OP008,기어,야간,141,51.6,102.8,3.08,56.1,3
JAN-00190,2026-01-23,M04,OP012,하우징,야간,132,66.7,108.0,2.7,48.1,2
JAN-00191,2026-01-14,M11,OP011,하우징,야간,220,66.4,113.0,3.21,37.2,7
JAN-00192,2026-01-29,M04,OP007,샤프트,야간,156,52.3,101.0,3.67,35.5,3
JAN-00193,2026-01-21,M01,OP029,샤프트,야간,124,51.0,105.4,3.86,40.2,2
JAN-00194,2026-01-02,M09,OP010,하우징,주간,143,45.2,91.9,3.7,39.3,4
JAN-00195,2026-01-17,M10,OP008,브라켓,주간,163,55.5,88.9,3.1,33.7,2
JAN-00196,2026-01-12,M12,OP019,샤프트,야간,124,,87.0,3.83,40.3,3
JAN-00197,2026-01-05,M12,OP025,기어,주간,175,59.7,112.8,4.21,41.6,6
JAN-00198,2026-01-30,M02,OP014,브라켓,주간,226,60.5,100.9,3.9,44.8,5
JAN-00199,2026-01-07,M08,OP021,샤프트,야간,206,53.8,82.5,3.17,59.9,2
JAN-00200,2026-01-03,M09,OP003,샤프트,야간,119,58.3,104.2,2.53,46.1,3
JAN-00201,2026-01-07,M08,OP016,하우징,야간,160,50.8,90.0,2.51,46.8,4
JAN-00202,2026-01-26,M01,OP002,샤프트,주간,172,58.2,124.9,2.66,51.6,3
JAN-00203,2026-01-19,M01,OP005,샤프트,야간,195,52.0,98.1,3.41,46.3,5
JAN-00204,2026-01-26,M09,OP018,하우징,주간,208,57.8,113.2,3.62,50.8,2
JAN-00205,2026-01-15,M11,OP007,하우징,주간,162,57.3,118.1,2.07,50.0,3
JAN-00206,2026-01-04,M03,OP002,기어,야간,133,55.4,93.5,2.8,48.9,2
JAN-00207,2026-01-13,M01,OP006,기어,야간,192,59.8,105.9,3.39,67.4,4
JAN-00208,2026-01-07,M05,OP024,하우징,야간,101,45.6,111.6,2.48,54.4,3
JAN-00209,2026-01-18,M04,OP018,하우징,야간,194,48.6,,3.55,40.4,6
JAN-00210,2026-01-09,M12,OP012,하우징,야간,232,53.4,109.3,2.95,50.6,4
JAN-00211,2026-01-31,M12,OP030,하우징,주간,200,46.3,89.0,2.62,42.5,5
JAN-00212,2026-01-12,M07,OP012,하우징,주간,153,52.6,111.6,3.24,51.1,4
JAN-00213,2026-01-10,M12,OP027,브라켓,야간,219,52.8,99.2,3.51,38.4,5
JAN-00214,2026-01-31,M03,OP011,브라켓,야간,170,62.9,109.2,2.52,40.2,3
JAN-00215,2026-01-17,M12,OP001,샤프트,주간,171,55.9,116.0,3.01,50.4,2
JAN-00216,2026-01-06,M06,OP004,브라켓,주간,224,61.2,113.0,3.57,55.0,4
JAN-00217,2026-01-15,M06,OP009,브라켓,주간,112,56.8,109.2,2.59,51.5,2
JAN-00218,2026-01-08,M01,OP006,기어,주간,212,51.8,112.7,1.87,54.0,5
JAN-00219,2026-01-23,M03,OP005,샤프트,야간,195,55.8,113.3,1.97,50.6,4
JAN-00220,2026-01-18,M03,OP012,하우징,주간,169,59.4,122.9,2.87,49.2,2
JAN-00221,2026-01-23,M06,OP030,기어,주간,93,62.2,104.6,2.15,44.5,2
JAN-00222,2026-01-30,M03,OP007,하우징,야간,210,54.2,107.0,2.92,53.7,4
JAN-00223,2026-01-23,M02,OP008,기어,주간,117,45.1,116.2,4.53,55.2,4
JAN-00224,2026-01-11,M08,OP030,샤프트,주간,232,44.7,99.1,2.1,47.6,6
JAN-00225,2026-01-07,M11,OP007,샤프트,주간,214,53.0,89.0,2.97,47.2,4
JAN-00226,2026-01-17,M01,OP025,브라켓,주간,141,41.0,110.9,4.91,59.1,4
JAN-00227,2026-01-14,M07,OP019,샤프트,주간,153,65.8,102.5,3.53,47.9,3
JAN-00228,2026-01-10,M12,OP028,하우징,주간,84,58.6,90.5,2.91,48.5,1
JAN-00229,2026-01-26,M05,OP017,샤프트,주간,164,51.2,111.0,3.07,51.4,3
JAN-00230,2026-01-29,M03,OP018,기어,주간,89,48.3,,3.54,47.3,2
JAN-00231,2026-01-12,M01,OP007,기어,주간,247,61.2,85.4,4.56,42.3,9
JAN-00232,2026-01-22,M12,OP018,샤프트,주간,188,48.3,117.3,2.78,50.6,4
JAN-00233,2026-01-31,M05,OP021,하우징,야간,119,48.9,74.6,2.59,47.7,3
JAN-00234,2026-01-01,M02,OP030,하우징,주간,216,50.4,100.2,2.1,60.9,5
JAN-00235,2026-01-12,M11,OP003,샤프트,주간,83,55.7,127.1,3.28,53.5,1
JAN-00236,2026-01-23,M10,OP005,기어,야간,173,58.7,101.1,2.08,43.8,4
JAN-00237,2026-01-16,M09,OP001,하우징,주간,98,62.2,106.1,2.83,53.1,2
JAN-00238,2026-01-25,M02,OP024,하우징,주간,89,61.3,114.2,2.47,50.2,2
JAN-00239,2026-01-15,M01,OP003,기어,야간,121,55.0,84.4,4.06,57.2,4
JAN-00240,2026-01-02,M03,OP028,하우징,주간,130,61.1,105.9,2.79,44.3,4
JAN-00241,2026-01-14,M02,OP011,샤프트,주간,203,51.0,105.8,3.52,49.3,6
JAN-00242,2026-01-13,M07,OP009,샤프트,야간,231,44.1,127.3,1.92,47.3,7
JAN-00243,2026-01-27,M05,OP030,하우징,야간,211,51.0,90.2,3.31,48.4,7
JAN-00244,2026-01-05,M10,OP022,하우징,주간,205,50.2,100.4,2.24,41.8,2
JAN-00245,2026-01-05,M02,OP017,브라켓,주간,176,51.2,93.9,2.86,52.0,2
JAN-00246,2026-01-05,M09,OP027,샤프트,주간,143,49.2,92.6,4.97,50.9,4
JAN-00247,2026-01-18,M12,OP023,기어,야간,123,52.2,118.5,3.95,57.0,3
JAN-00248,2026-01-31,M02,OP020,하우징,주간,240,58.7,105.3,3.1,47.9,4
JAN-00249,2026-01-20,M08,OP010,샤프트,주간,168,65.3,98.3,5.76,45.1,3
JAN-00250,2026-01-26,M07,OP030,기어,주간,175,44.6,98.8,2.47,53.5,4
JAN-00251,2026-01-27,M02,OP022,하우징,야간,82,47.3,98.2,4.13,42.4,4
JAN-00252,2026-01-19,M04,OP029,샤프트,주간,157,50.3,99.3,1.97,55.6,4
JAN-00253,2026-01-19,M10,OP029,기어,주간,195,59.6,89.8,3.0,55.6,5
JAN-00254,2026-01-08,M11,OP017,샤프트,주간,164,53.8,101.9,2.12,56.8,3
JAN-00255,2026-01-30,M05,OP011,브라켓,야간,184,50.7,100.7,3.41,50.6,3
JAN-00256,2026-01-25,M02,OP029,샤프트,주간,217,59.3,95.9,3.24,44.6,4
JAN-00257,2026-01-28,M03,OP030,샤프트,야간,83,60.7,106.9,2.95,48.8,3
JAN-00258,2026-01-31,M11,OP004,샤프트,주간,233,54.9,107.9,4.07,50.7,6
JAN-00259,2026-01-11,M07,OP020,샤프트,주간,218,50.1,98.3,2.75,44.1,3
JAN-00260,2026-01-05,M06,OP019,샤프트,주간,151,56.6,103.3,3.46,57.3,4
JAN-00261,2026-01-27,M01,OP023,하우징,주간,209,53.6,130.9,3.86,52.1,5
JAN-00262,2026-01-15,M10,OP030,샤프트,주간,91,53.6,130.4,2.01,41.8,1
JAN-00263,2026-01-30,M06,OP008,샤프트,야간,132,51.9,92.4,2.6,61.2,3
JAN-00264,2026-01-22,M07,OP030,샤프트,주간,98,60.5,94.0,3.24,48.7,1
JAN-00265,2026-01-08,M11,OP020,기어,야간,188,56.5,92.3,3.7,40.3,5
JAN-00266,2026-01-11,M07,OP003,샤프트,주간,225,61.2,117.7,4.34,42.2,8
JAN-00267,2026-01-19,M12,OP016,하우징,주간,182,63.0,100.2,3.03,58.4,2
JAN-00268,2026-01-13,M07,OP005,하우징,주간,200,57.8,107.9,2.95,60.8,5
JAN-00269,2026-01-09,M05,OP029,하우징,주간,104,52.0,129.0,2.5,55.1,2
JAN-00270,2026-01-07,M12,OP023,샤프트,주간,238,61.2,104.9,3.46,57.2,8
JAN-00271,2026-01-21,M08,OP028,브라켓,야간,112,57.8,113.5,2.96,56.5,3
JAN-00272,2026-01-02,M10,OP019,하우징,야간,169,70.6,111.2,2.98,51.9,4
JAN-00273,2026-01-03,M03,OP012,샤프트,야간,196,56.9,97.9,3.12,50.3,5
JAN-00274,2026-01-02,M09,OP013,기어,야간,225,59.2,117.7,3.64,51.8,5
JAN-00275,2026-01-23,M07,OP029,하우징,주간,238,56.7,94.8,2.75,53.2,2
JAN-00276,2026-01-01,M02,OP005,기어,주간,181,54.4,121.1,2.58,42.8,3
JAN-00277,2026-01-14,M04,OP027,기어,주간,177,53.4,98.0,3.55,53.1,3
JAN-00278,2026-01-04,M11,OP013,하우징,야간,150,56.8,99.3,0.78,58.2,2
JAN-00279,2026-01-19,M07,OP018,샤프트,주간,176,58.1,91.9,2.72,46.6,3
JAN-00280,2026-01-02,M10,OP021,브라켓,주간,194,61.9,93.9,2.28,45.8,1
JAN-00281,2026-01-01,M03,OP003,샤프트,야간,189,56.9,99.9,4.16,51.3,6
JAN-00282,2026-01-13,M03,OP005,샤프트,주간,180,52.2,75.8,2.85,43.5,4
JAN-00283,2026-01-22,M12,OP005,샤프트,야간,154,53.0,102.2,2.75,38.8,4
JAN-00284,2026-01-04,M06,OP024,기어,주간,113,47.1,98.9,3.16,56.0,2
JAN-00285,2026-01-16,M11,OP003,브라켓,야간,89,65.0,114.5,2.72,44.8,2
JAN-00286,2026-01-26,M10,OP019,브라켓,야간,151,51.8,110.1,2.88,48.1,3
JAN-00287,2026-01-20,M05,OP004,브라켓,야간,147,60.8,96.5,3.28,43.7,4
JAN-00288,2026-01-24,M12,OP024,기어,주간,183,56.7,99.5,2.86,56.9,3
JAN-00289,2026-01-10,M10,OP030,기어,주간,233,56.8,102.2,2.86,54.0,3
JAN-00290,2026-01-30,M02,OP013,기어,주간,199,54.3,122.8,2.39,46.3,4
JAN-00291,2026-01-05,M02,OP007,샤프트,주간,216,50.3,95.1,2.28,39.7,4
JAN-00292,2026-01-19,M02,OP014,브라켓,주간,178,49.2,96.4,3.25,45.6,3
JAN-00293,2026-01-14,M09,OP021,기어,주간,237,65.4,91.5,3.45,52.0,8
JAN-00294,2026-01-01,M02,OP022,기어,주간,239,55.7,87.2,2.06,49.3,4
JAN-00295,2026-01-30,M04,OP020,기어,주간,105,61.8,108.7,3.81,48.8,2
JAN-00296,2026-01-22,M06,OP018,하우징,야간,188,63.3,107.4,3.81,49.5,4
JAN-00297,2026-01-08,M02,OP019,샤프트,주간,166,52.5,120.4,3.98,53.3,2
JAN-00298,2026-01-02,M04,OP007,하우징,주간,245,57.5,117.5,3.44,47.7,5
JAN-00299,2026-01-21,M09,OP007,하우징,주간,179,55.3,133.8,3.71,51.2,2
JAN-00300,2026-01-17,M12,OP028,브라켓,주간,82,48.1,104.1,4.95,41.1,2
JAN-00301,2026-01-02,M06,OP018,샤프트,야간,115,53.9,101.9,2.96,65.9,2
JAN-00302,2026-01-31,M09,OP026,샤프트,주간,102,58.5,89.4,2.36,46.0,1
JAN-00303,2026-01-23,M07,OP019,기어,야간,114,52.0,113.4,1.97,49.4,2
JAN-00304,2026-01-15,M06,OP014,브라켓,야간,96,53.1,106.4,4.6,52.0,3
JAN-00305,2026-01-08,M07,OP018,브라켓,야간,212,54.0,112.8,4.62,45.1,9
JAN-00306,2026-01-09,M12,OP021,하우징,야간,164,67.7,91.3,2.46,48.1,4
JAN-00307,2026-01-14,M01,OP006,샤프트,야간,194,44.0,109.2,2.62,48.0,6
JAN-00308,2026-01-02,M07,OP014,샤프트,주간,249,58.0,107.5,2.94,41.6,6
JAN-00309,2026-01-12,M01,OP022,하우징,주간,190,53.5,106.7,4.18,51.1,6
JAN-00310,2026-01-07,M11,OP003,샤프트,야간,161,51.2,96.8,2.17,36.5,6
JAN-00311,2026-01-04,M08,OP003,기어,주간,125,53.3,119.3,,60.3,2
JAN-00312,2026-01-04,M01,OP005,브라켓,주간,208,59.0,129.6,4.93,53.6,6
JAN-00313,2026-01-11,M08,OP018,기어,주간,166,59.3,91.7,3.45,52.5,3
JAN-00314,2026-01-12,M06,OP008,기어,주간,208,56.1,113.6,3.56,35.8,6
JAN-00315,2026-01-11,M01,OP014,샤프트,주간,83,61.6,70.5,3.04,42.5,1
JAN-00316,2026-01-22,M12,OP005,샤프트,주간,107,62.6,113.0,3.57,57.7,2
JAN-00317,2026-01-17,M05,OP008,하우징,주간,102,59.9,82.6,1.99,77.1,2
JAN-00318,2026-01-06,M01,OP001,기어,주간,195,51.7,98.7,2.53,56.4,3
JAN-00319,2026-01-31,M08,OP025,샤프트,주간,168,58.0,89.2,3.28,55.3,4
JAN-00320,2026-01-23,M05,OP014,샤프트,야간,133,58.0,102.4,1.38,51.7,4
JAN-00321,2026-01-15,M08,OP006,샤프트,주간,132,50.1,115.1,2.96,42.1,2
JAN-00322,2026-01-02,M02,OP016,하우징,야간,183,45.6,82.7,2.91,55.0,5
JAN-00323,2026-01-29,M10,OP028,하우징,주간,244,42.9,100.7,2.96,40.3,2
JAN-00324,2026-01-24,M06,OP025,기어,주간,249,55.4,98.8,2.76,39.5,5
JAN-00325,2026-01-15,M06,OP027,기어,야간,160,56.8,124.0,2.4,39.1,3
JAN-00326,2026-01-06,M10,OP013,샤프트,야간,193,47.9,110.2,1.74,54.8,8
JAN-00327,2026-01-04,M07,OP011,기어,야간,94,61.3,90.9,3.32,47.6,2
JAN-00328,2026-01-09,M01,OP010,샤프트,야간,240,55.9,99.3,2.96,48.7,5
JAN-00329,2026-01-08,M07,OP010,브라켓,야간,83,63.1,123.7,2.1,47.9,1
JAN-00330,2026-01-07,M08,OP028,샤프트,야간,138,57.2,113.6,3.25,40.1,4
JAN-00331,2026-01-13,M04,OP005,기어,야간,203,48.6,94.0,2.96,43.3,4
JAN-00332,2026-01-02,M03,OP026,샤프트,야간,244,,101.8,2.83,43.7,5
JAN-00333,2026-01-11,M01,OP028,하우징,주간,109,59.0,102.2,1.47,38.2,2
JAN-00334,2026-01-28,M11,OP026,샤프트,주간,192,51.7,98.5,3.75,44.5,4
JAN-00335,2026-01-27,M01,OP019,브라켓,주간,111,46.3,84.5,2.21,40.4,2
JAN-00336,2026-01-01,M08,OP026,샤프트,주간,88,55.6,96.9,3.25,52.0,2
JAN-00337,2026-01-22,M11,OP001,브라켓,야간,152,49.0,121.7,2.55,52.6,4
JAN-00338,2026-01-31,M05,OP025,하우징,주간,178,61.7,100.4,2.89,38.9,3
JAN-00339,2026-01-18,M03,OP016,샤프트,주간,124,52.6,103.8,4.12,45.9,4
JAN-00340,2026-01-13,M09,OP029,샤프트,야간,245,65.3,106.7,3.63,61.0,7
JAN-00341,2026-01-16,M08,OP003,기어,주간,184,42.3,131.6,4.1,41.1,7
JAN-00342,2026-01-07,M01,OP028,브라켓,야간,154,55.8,105.1,3.46,51.0,4
JAN-00343,2026-01-13,M07,OP018,브라켓,주간,162,63.6,118.1,3.52,48.7,2
JAN-00344,2026-01-30,M01,OP004,샤프트,주간,158,49.7,97.8,1.78,55.7,3
JAN-00345,2026-01-19,M05,OP016,기어,주간,98,54.0,101.9,2.95,50.1,2
JAN-00346,2026-01-14,M04,OP002,샤프트,주간,183,52.6,105.2,3.02,45.0,1
JAN-00347,2026-01-04,M11,OP003,샤프트,주간,213,50.9,95.7,4.18,48.5,4
JAN-00348,2026-01-29,M12,OP016,하우징,주간,151,56.5,102.6,2.8,48.6,4
JAN-00349,2026-01-06,M09,OP025,기어,주간,152,47.2,115.7,3.41,47.4,4
JAN-00350,2026-01-23,M09,OP004,샤프트,주간,234,54.3,95.4,3.38,38.8,2
JAN-00351,2026-01-10,M01,OP008,브라켓,야간,183,58.1,105.0,4.13,56.7,7
JAN-00352,2026-01-09,M01,OP012,하우징,주간,130,53.7,113.5,3.09,55.5,2
JAN-00353,2026-01-06,M10,OP017,하우징,주간,80,49.0,95.1,3.86,40.7,1
JAN-00354,2026-01-12,M06,OP001,샤프트,주간,219,61.2,118.1,1.84,45.9,4
JAN-00355,2026-01-21,M07,OP020,브라켓,야간,186,59.4,105.9,1.91,46.4,3
JAN-00356,2026-01-13,M09,OP015,하우징,야간,186,48.8,103.0,1.37,39.9,3
JAN-00357,2026-01-01,M05,OP029,기어,야간,128,47.2,80.9,,34.9,3
JAN-00358,2026-01-09,M09,OP010,샤프트,야간,111,49.3,100.5,3.74,43.3,3
JAN-00359,2026-01-05,M09,OP015,브라켓,주간,164,58.3,109.5,3.92,45.5,2
JAN-00360,2026-01-13,M03,OP003,기어,야간,208,56.7,125.9,2.66,37.9,6
